timestamp,latitude,longitude,elevation,heart_rate
2020-06-20T08:00:02Z,51.4544960,-0.2177550,35.2,104
2020-06-20T08:00:03Z,51.4545060,-0.2177670,35.2,104
2020-06-20T08:00:04Z,51.4545200,-0.2177820,35.3,103
2020-06-20T08:00:11Z,51.4546720,-0.2179440,35.8,102
2020-06-20T08:00:14Z,51.4547340,-0.2180250,36.0,108
2020-06-20T08:00:15Z,51.4547620,-0.2180490,36.1,108
2020-06-20T08:00:18Z,51.4548190,-0.2181310,36.3,105
2020-06-20T08:00:19Z,51.4548400,-0.2181590,36.4,108
2020-06-20T08:00:20Z,51.4548590,-0.2181810,36.5,115
2020-06-20T08:00:21Z,51.4548810,-0.2182020,36.6,122
2020-06-20T08:00:22Z,51.4549000,-0.2182210,36.8,129
2020-06-20T08:00:23Z,51.4549190,-0.2182410,36.9,132
2020-06-20T08:00:31Z,51.4550200,-0.2184860,37.8,134
2020-06-20T08:00:38Z,51.4550820,-0.2187650,38.3,135
2020-06-20T08:00:42Z,51.4551150,-0.2189300,38.4,138
2020-06-20T08:00:50Z,51.4551730,-0.2192480,38.7,138
2020-06-20T08:00:57Z,51.4552440,-0.2195270,38.9,139
2020-06-20T08:01:06Z,51.4554320,-0.2194060,37.8,140
2020-06-20T08:01:16Z,51.4556070,-0.2193340,37.2,143
2020-06-20T08:01:22Z,51.4557490,-0.2194450,36.6,146
2020-06-20T08:01:29Z,51.4558870,-0.2196800,35.4,143
2020-06-20T08:01:36Z,51.4559140,-0.2199770,34.4,142
2020-06-20T08:01:43Z,51.4559470,-0.2202750,33.2,140
2020-06-20T08:01:50Z,51.4559840,-0.2205780,32.2,140
2020-06-20T08:01:57Z,51.4560430,-0.2208720,31.4,138
2020-06-20T08:02:04Z,51.4561050,-0.2211850,30.3,136
2020-06-20T08:02:11Z,51.4561300,-0.2214730,29.3,137
2020-06-20T08:02:19Z,51.4561650,-0.2217770,28.2,137
2020-06-20T08:02:22Z,51.4561740,-0.2218860,27.8,134
2020-06-20T08:02:30Z,51.4562320,-0.2221960,27.1,134
2020-06-20T08:02:39Z,51.4562580,-0.2225080,26.2,134
2020-06-20T08:02:47Z,51.4562630,-0.2228170,25.8,134
2020-06-20T08:02:52Z,51.4562700,-0.2230090,25.9,137
2020-06-20T08:03:01Z,51.4562680,-0.2233170,26.1,137
2020-06-20T08:03:09Z,51.4562570,-0.2236150,26.6,138
2020-06-20T08:03:17Z,51.4562660,-0.2239280,27.3,141
2020-06-20T08:03:25Z,51.4562650,-0.2242290,28.0,142
2020-06-20T08:03:33Z,51.4562700,-0.2245530,29.1,143
2020-06-20T08:03:41Z,51.4562600,-0.2248450,30.1,145
2020-06-20T08:03:49Z,51.4562570,-0.2251770,31.2,145
2020-06-20T08:03:58Z,51.4562810,-0.2254670,32.2,145
2020-06-20T08:04:08Z,51.4563010,-0.2257610,33.0,146
2020-06-20T08:04:17Z,51.4563240,-0.2260700,33.5,147
2020-06-20T08:04:24Z,51.4563480,-0.2263560,33.7,147
2020-06-20T08:04:31Z,51.4563440,-0.2266660,33.8,146
2020-06-20T08:04:38Z,51.4563170,-0.2269660,33.7,146
2020-06-20T08:04:45Z,51.4563090,-0.2272730,33.1,145
2020-06-20T08:04:53Z,51.4562860,-0.2276010,32.2,143
2020-06-20T08:05:00Z,51.4563190,-0.2278960,30.9,143
2020-06-20T08:05:07Z,51.4564250,-0.2281680,29.4,141
2020-06-20T08:05:14Z,51.4564670,-0.2284640,28.0,141
2020-06-20T08:05:21Z,51.4564990,-0.2287610,27.0,140
2020-06-20T08:05:29Z,51.4564970,-0.2290660,26.6,138
2020-06-20T08:05:38Z,51.4565060,-0.2293760,27.1,138
2020-06-20T08:05:47Z,51.4565230,-0.2296910,27.8,137
2020-06-20T08:05:54Z,51.4565150,-0.2299140,28.6,140
2020-06-20T08:05:59Z,51.4565090,-0.2300880,29.3,143
2020-06-20T08:06:07Z,51.4565060,-0.2303760,30.2,144
2020-06-20T08:06:10Z,51.4565030,-0.2304890,30.6,145
2020-06-20T08:06:18Z,51.4564860,-0.2308000,31.5,145
2020-06-20T08:06:26Z,51.4564630,-0.2311090,32.3,145
2020-06-20T08:06:35Z,51.4564470,-0.2314250,33.1,146
2020-06-20T08:06:42Z,51.4564090,-0.2317180,33.8,146
2020-06-20T08:06:47Z,51.4563940,-0.2319160,34.2,149
2020-06-20T08:06:56Z,51.4563620,-0.2322290,34.9,149
2020-06-20T08:07:04Z,51.4563320,-0.2325280,35.7,149
2020-06-20T08:07:14Z,51.4563260,-0.2328260,36.4,148
2020-06-20T08:07:23Z,51.4562970,-0.2331250,37.1,148
2020-06-20T08:07:31Z,51.4562660,-0.2334170,37.5,147
2020-06-20T08:07:40Z,51.4562160,-0.2337190,38.1,148
2020-06-20T08:07:49Z,51.4561550,-0.2340060,38.4,151
2020-06-20T08:07:55Z,51.4561240,-0.2342190,39.0,150
2020-06-20T08:08:04Z,51.4559450,-0.2342280,39.4,151
2020-06-20T08:08:12Z,51.4559130,-0.2345270,39.4,151
2020-06-20T08:08:20Z,51.4558790,-0.2348380,39.6,151
2020-06-20T08:08:26Z,51.4558570,-0.2350670,39.7,148
2020-06-20T08:08:34Z,51.4558440,-0.2353800,39.6,147
2020-06-20T08:08:42Z,51.4557920,-0.2356620,39.5,147
2020-06-20T08:08:52Z,51.4557650,-0.2359590,39.4,147
2020-06-20T08:09:00Z,51.4557530,-0.2362670,39.3,147
2020-06-20T08:09:08Z,51.4557330,-0.2365920,39.3,146
2020-06-20T08:09:15Z,51.4557020,-0.2369040,39.3,145
2020-06-20T08:09:21Z,51.4556620,-0.2371580,39.3,142
2020-06-20T08:09:29Z,51.4556270,-0.2374560,39.2,142
2020-06-20T08:09:36Z,51.4555900,-0.2377060,39.0,145
2020-06-20T08:09:44Z,51.4555670,-0.2380020,38.9,145
2020-06-20T08:09:51Z,51.4555500,-0.2383120,38.9,145
2020-06-20T08:09:58Z,51.4555200,-0.2386260,38.8,145
2020-06-20T08:10:05Z,51.4555100,-0.2389130,38.8,144
2020-06-20T08:10:12Z,51.4554870,-0.2392050,38.8,145
2020-06-20T08:10:20Z,51.4554730,-0.2395270,39.0,145
2020-06-20T08:10:28Z,51.4554590,-0.2398230,39.2,143
2020-06-20T08:10:36Z,51.4554420,-0.2401280,39.4,143
2020-06-20T08:10:45Z,51.4553990,-0.2404480,40.0,144
2020-06-20T08:10:50Z,51.4553460,-0.2405860,40.1,145
2020-06-20T08:10:59Z,51.4551710,-0.2406580,40.5,146
2020-06-20T08:11:07Z,51.4551320,-0.2409160,40.8,143
2020-06-20T08:11:16Z,51.4551590,-0.2412310,41.2,143
2020-06-20T08:11:24Z,51.4551780,-0.2415280,41.7,143
2020-06-20T08:11:32Z,51.4551480,-0.2417980,42.0,145
2020-06-20T08:11:41Z,51.4550490,-0.2420570,42.1,147
2020-06-20T08:11:49Z,51.4550530,-0.2423850,41.8,148
2020-06-20T08:11:56Z,51.4550630,-0.2426890,41.5,147
2020-06-20T08:12:03Z,51.4550890,-0.2429590,41.5,144
2020-06-20T08:12:11Z,51.4550310,-0.2432250,41.1,142
2020-06-20T08:12:19Z,51.4548320,-0.2433010,41.4,144
2020-06-20T08:12:27Z,51.4546270,-0.2433470,41.8,146
2020-06-20T08:12:28Z,51.4545730,-0.2433530,41.9,146
2020-06-20T08:12:38Z,51.4543860,-0.2433970,42.2,144
2020-06-20T08:12:43Z,51.4542880,-0.2434130,42.3,145
2020-06-20T08:12:48Z,51.4542610,-0.2434110,42.3,145
2020-06-20T08:12:57Z,51.4542010,-0.2436860,42.3,147
2020-06-20T08:13:00Z,51.4541780,-0.2437860,42.1,144
2020-06-20T08:13:07Z,51.4541820,-0.2440470,41.5,141
2020-06-20T08:13:13Z,51.4542160,-0.2442600,41.0,138
2020-06-20T08:13:21Z,51.4542440,-0.2445500,40.3,138
2020-06-20T08:13:30Z,51.4542260,-0.2448490,39.8,138
2020-06-20T08:13:38Z,51.4542720,-0.2451620,39.2,136
2020-06-20T08:13:46Z,51.4542870,-0.2454860,38.8,137
2020-06-20T08:13:53Z,51.4543170,-0.2458080,38.3,137
2020-06-20T08:14:00Z,51.4543420,-0.2461130,37.8,137
2020-06-20T08:14:07Z,51.4543730,-0.2464050,37.3,139
2020-06-20T08:14:17Z,51.4544200,-0.2467170,36.6,139
2020-06-20T08:14:24Z,51.4544190,-0.2470090,36.0,138
2020-06-20T08:14:31Z,51.4544670,-0.2473150,35.3,139
2020-06-20T08:14:38Z,51.4545110,-0.2476030,34.6,139
2020-06-20T08:14:47Z,51.4545130,-0.2479170,33.9,140
2020-06-20T08:14:56Z,51.4545380,-0.2482090,33.1,141
2020-06-20T08:15:04Z,51.4545550,-0.2485060,32.2,140
2020-06-20T08:15:11Z,51.4545630,-0.2488070,31.4,139
2020-06-20T08:15:18Z,51.4545960,-0.2491250,30.6,139
2020-06-20T08:15:24Z,51.4546480,-0.2494000,29.9,140
2020-06-20T08:15:32Z,51.4547160,-0.2497030,29.4,140
2020-06-20T08:15:38Z,51.4546960,-0.2499540,29.0,137
2020-06-20T08:15:45Z,51.4547030,-0.2502570,28.3,136
2020-06-20T08:15:52Z,51.4547440,-0.2505690,27.8,136
2020-06-20T08:16:00Z,51.4547830,-0.2508670,26.7,138
2020-06-20T08:16:09Z,51.4548210,-0.2511640,25.6,136
2020-06-20T08:16:16Z,51.4548670,-0.2514450,24.7,135
2020-06-20T08:16:23Z,51.4549060,-0.2517280,23.8,137
2020-06-20T08:16:30Z,51.4549290,-0.2520220,22.8,138
2020-06-20T08:16:38Z,51.4549600,-0.2523380,21.8,139
2020-06-20T08:16:46Z,51.4549880,-0.2526210,20.9,139
2020-06-20T08:16:54Z,51.4550250,-0.2529130,20.0,138
2020-06-20T08:17:01Z,51.4550320,-0.2532120,19.1,139
2020-06-20T08:17:08Z,51.4550820,-0.2535160,18.2,140
2020-06-20T08:17:16Z,51.4551100,-0.2538270,17.6,139
2020-06-20T08:17:24Z,51.4551160,-0.2541390,16.9,138
2020-06-20T08:17:31Z,51.4551570,-0.2544440,16.2,138
2020-06-20T08:17:38Z,51.4551440,-0.2547320,15.6,138
2020-06-20T08:17:45Z,51.4549800,-0.2548850,14.8,138
2020-06-20T08:17:52Z,51.4548060,-0.2549720,14.0,137
2020-06-20T08:18:00Z,51.4546160,-0.2550320,13.4,138
2020-06-20T08:18:08Z,51.4544430,-0.2551530,12.9,138
2020-06-20T08:18:16Z,51.4542890,-0.2553400,12.4,139
2020-06-20T08:18:24Z,51.4542290,-0.2556370,12.2,140
2020-06-20T08:18:34Z,51.4541810,-0.2559360,12.0,142
2020-06-20T08:18:41Z,51.4541550,-0.2561600,12.0,142
2020-06-20T08:18:49Z,51.4541190,-0.2564610,11.9,142
2020-06-20T08:18:57Z,51.4540880,-0.2567550,11.8,143
2020-06-20T08:19:05Z,51.4539920,-0.2570440,11.5,141
2020-06-20T08:19:13Z,51.4538840,-0.2573110,9.9,143
2020-06-20T08:19:20Z,51.4538050,-0.2576120,8.9,141
2020-06-20T08:19:28Z,51.4536990,-0.2578860,8.2,140
2020-06-20T08:19:35Z,51.4535920,-0.2581240,7.8,139
2020-06-20T08:19:43Z,51.4534870,-0.2583780,7.8,139
2020-06-20T08:19:51Z,51.4533900,-0.2586240,7.9,141
2020-06-20T08:19:59Z,51.4533000,-0.2588820,7.9,141
2020-06-20T08:20:07Z,51.4531870,-0.2591170,7.8,143
2020-06-20T08:20:14Z,51.4531310,-0.2593280,7.7,146
2020-06-20T08:20:19Z,51.4530810,-0.2594950,7.6,143
2020-06-20T08:20:27Z,51.4530050,-0.2597910,7.5,144
2020-06-20T08:20:35Z,51.4529390,-0.2600670,7.1,144
2020-06-20T08:20:43Z,51.4528740,-0.2603460,6.9,144
2020-06-20T08:20:51Z,51.4528190,-0.2606230,7.0,144
2020-06-20T08:20:59Z,51.4527520,-0.2608920,7.1,144
2020-06-20T08:21:08Z,51.4526820,-0.2611840,7.2,142
2020-06-20T08:21:17Z,51.4526300,-0.2614880,7.4,142
2020-06-20T08:21:26Z,51.4525760,-0.2617970,7.6,141
2020-06-20T08:21:34Z,51.4525250,-0.2620670,7.7,144
2020-06-20T08:21:40Z,51.4524910,-0.2622700,7.9,147
2020-06-20T08:21:49Z,51.4524380,-0.2625610,8.2,147
2020-06-20T08:21:58Z,51.4523830,-0.2628530,8.5,147
2020-06-20T08:22:06Z,51.4523400,-0.2631400,8.7,145
2020-06-20T08:22:15Z,51.4522950,-0.2634570,9.1,146
2020-06-20T08:22:23Z,51.4522390,-0.2637200,9.6,149
2020-06-20T08:22:32Z,51.4521840,-0.2640200,10.1,147
2020-06-20T08:22:41Z,51.4521380,-0.2643180,10.8,147
2020-06-20T08:22:44Z,51.4521230,-0.2644180,11.0,148
2020-06-20T08:22:53Z,51.4520850,-0.2647150,11.6,149
2020-06-20T08:23:02Z,51.4520470,-0.2650260,12.2,150
2020-06-20T08:23:11Z,51.4520150,-0.2653430,12.7,150
2020-06-20T08:23:19Z,51.4519830,-0.2656390,13.2,149
2020-06-20T08:23:27Z,51.4519330,-0.2659370,13.5,148
2020-06-20T08:23:35Z,51.4518830,-0.2662190,13.8,148
2020-06-20T08:23:43Z,51.4518550,-0.2665200,13.9,147
2020-06-20T08:23:51Z,51.4518730,-0.2668410,14.1,147
2020-06-20T08:23:58Z,51.4518980,-0.2671430,14.1,148
2020-06-20T08:24:05Z,51.4519260,-0.2674370,13.8,147
2020-06-20T08:24:13Z,51.4519760,-0.2677460,13.4,147
2020-06-20T08:24:21Z,51.4519930,-0.2680340,13.2,149
2020-06-20T08:24:31Z,51.4519870,-0.2683300,13.2,149
2020-06-20T08:24:33Z,51.4519810,-0.2683930,13.2,150
2020-06-20T08:24:38Z,51.4519730,-0.2684170,13.2,146
2020-06-20T08:24:45Z,51.4519650,-0.2685270,13.3,145
2020-06-20T08:24:48Z,51.4519650,-0.2686000,13.4,146
2020-06-20T08:24:51Z,51.4519650,-0.2686460,13.4,136
2020-06-20T08:24:55Z,51.4519760,-0.2687410,13.5,135
2020-06-20T08:24:58Z,51.4519720,-0.2688070,13.5,132
2020-06-20T08:25:14Z,51.4519830,-0.2691040,13.8,130
2020-06-20T08:25:15Z,51.4519860,-0.2691430,13.8,120
2020-06-20T08:25:16Z,51.4519860,-0.2691430,13.8,120
2020-06-20T08:25:18Z,51.4519930,-0.2691880,13.9,117
2020-06-20T08:25:30Z,51.4519740,-0.2694310,14.1,114
2020-06-20T08:25:31Z,51.4519720,-0.2694790,14.2,114
2020-06-20T08:25:45Z,51.4519540,-0.2697720,14.4,114
2020-06-20T08:26:00Z,51.4519180,-0.2700600,14.6,116
2020-06-20T08:26:06Z,51.4519260,-0.2702050,14.7,116
2020-06-20T08:26:11Z,51.4519150,-0.2702990,14.9,112
2020-06-20T08:26:15Z,51.4519180,-0.2703830,15.0,113
2020-06-20T08:26:20Z,51.4519040,-0.2704840,15.2,110
2020-06-20T08:26:21Z,51.4519040,-0.2705210,15.3,109
2020-06-20T08:26:29Z,51.4518910,-0.2706460,15.4,108
2020-06-20T08:26:35Z,51.4518760,-0.2707590,15.6,105
2020-06-20T08:26:36Z,51.4518740,-0.2708010,15.6,104
2020-06-20T08:26:45Z,51.4518700,-0.2709650,15.9,105
2020-06-20T08:26:47Z,51.4518580,-0.2710010,15.9,106
2020-06-20T08:26:50Z,51.4518540,-0.2710570,16.1,107
2020-06-20T08:26:53Z,51.4518490,-0.2711140,16.2,110
2020-06-20T08:26:59Z,51.4518450,-0.2712420,16.4,110
2020-06-20T08:27:03Z,51.4518260,-0.2713190,16.5,113
2020-06-20T08:27:04Z,51.4518240,-0.2713660,16.6,111
2020-06-20T08:27:09Z,51.4518120,-0.2714500,16.7,109
2020-06-20T08:27:16Z,51.4517830,-0.2717010,17.0,112
2020-06-20T08:27:18Z,51.4517720,-0.2717800,17.1,115
2020-06-20T08:27:23Z,51.4517500,-0.2719680,17.4,122
2020-06-20T08:27:24Z,51.4517470,-0.2720070,17.5,125
2020-06-20T08:27:25Z,51.4517450,-0.2720450,17.6,125
2020-06-20T08:27:26Z,51.4517440,-0.2720850,17.6,129
2020-06-20T08:27:29Z,51.4517320,-0.2722070,17.8,132
2020-06-20T08:27:37Z,51.4516970,-0.2725040,18.4,135
2020-06-20T08:27:44Z,51.4516720,-0.2727650,18.7,138
2020-06-20T08:27:53Z,51.4516230,-0.2730770,19.2,140
2020-06-20T08:27:59Z,51.4516020,-0.2733020,19.5,143
2020-06-20T08:28:07Z,51.4515530,-0.2736090,20.0,144
2020-06-20T08:28:15Z,51.4515180,-0.2739100,20.3,145
2020-06-20T08:28:23Z,51.4514620,-0.2741880,20.6,147
2020-06-20T08:28:30Z,51.4514250,-0.2744290,20.8,147
2020-06-20T08:28:32Z,51.4514230,-0.2744640,20.8,148
2020-06-20T08:28:34Z,51.4514250,-0.2744980,20.8,148
2020-06-20T08:28:38Z,51.4514070,-0.2745630,20.8,145
2020-06-20T08:28:45Z,51.4513930,-0.2746740,20.9,142
2020-06-20T08:28:48Z,51.4513760,-0.2747330,20.9,139
2020-06-20T08:28:51Z,51.4513720,-0.2748110,20.9,136
2020-06-20T08:28:52Z,51.4513730,-0.2748630,20.9,132
2020-06-20T08:28:53Z,51.4513730,-0.2748630,20.9,132
2020-06-20T08:28:55Z,51.4513690,-0.2749050,21.0,129
2020-06-20T08:28:59Z,51.4513400,-0.2749860,21.0,126
2020-06-20T08:29:05Z,51.4513270,-0.2751220,21.0,122
2020-06-20T08:29:06Z,51.4513190,-0.2751450,21.1,121
2020-06-20T08:29:08Z,51.4513030,-0.2751870,21.1,118
2020-06-20T08:29:11Z,51.4512940,-0.2752580,21.1,115
2020-06-20T08:29:24Z,51.4512430,-0.2755460,21.1,113
2020-06-20T08:29:39Z,51.4512060,-0.2758290,21.2,110
2020-06-20T08:29:55Z,51.4511540,-0.2761050,21.3,108
2020-06-20T08:29:56Z,51.4511480,-0.2761270,21.3,108
2020-06-20T08:30:09Z,51.4511190,-0.2764170,21.3,109
2020-06-20T08:30:19Z,51.4510730,-0.2766350,21.5,106
2020-06-20T08:30:31Z,51.4510170,-0.2769060,21.7,105
2020-06-20T08:30:44Z,51.4509550,-0.2771740,21.8,105
2020-06-20T08:30:56Z,51.4509160,-0.2774430,22.1,104
2020-06-20T08:31:09Z,51.4508580,-0.2777350,22.5,102
2020-06-20T08:31:20Z,51.4508250,-0.2779700,22.9,103
2020-06-20T08:31:28Z,51.4508020,-0.2781500,23.3,103
2020-06-20T08:31:40Z,51.4507430,-0.2784190,23.8,103
2020-06-20T08:31:54Z,51.4506750,-0.2787030,24.4,103
2020-06-20T08:32:07Z,51.4506160,-0.2789720,25.1,103
2020-06-20T08:32:20Z,51.4505380,-0.2792400,25.8,103
2020-06-20T08:32:33Z,51.4504730,-0.2795110,26.5,105
2020-06-20T08:32:34Z,51.4504640,-0.2795550,26.6,104
2020-06-20T08:32:44Z,51.4504110,-0.2797420,26.9,109
2020-06-20T08:32:45Z,51.4504080,-0.2797660,27.0,115
2020-06-20T08:32:58Z,51.4503450,-0.2800390,27.4,113
2020-06-20T08:33:01Z,51.4503310,-0.2801010,27.5,109
2020-06-20T08:33:04Z,51.4503050,-0.2801490,27.6,113
2020-06-20T08:33:13Z,51.4502470,-0.2803250,27.9,110
2020-06-20T08:33:14Z,51.4502290,-0.2803640,28.0,109
2020-06-20T08:33:16Z,51.4502210,-0.2803860,28.0,109
2020-06-20T08:33:29Z,51.4501540,-0.2806570,28.5,108
2020-06-20T08:33:43Z,51.4500920,-0.2809520,28.9,106
2020-06-20T08:33:56Z,51.4500340,-0.2812390,29.4,106
2020-06-20T08:34:10Z,51.4499350,-0.2815080,30.0,106
2020-06-20T08:34:22Z,51.4498600,-0.2817850,30.5,106
2020-06-20T08:34:34Z,51.4497640,-0.2820340,31.1,106
2020-06-20T08:34:45Z,51.4496800,-0.2822660,31.7,109
2020-06-20T08:34:54Z,51.4496090,-0.2824690,32.5,112
2020-06-20T08:35:06Z,51.4495120,-0.2827180,33.6,114
2020-06-20T08:35:18Z,51.4494270,-0.2829750,34.9,113
2020-06-20T08:35:25Z,51.4493750,-0.2831000,35.7,116
2020-06-20T08:35:38Z,51.4492790,-0.2833710,37.3,119
2020-06-20T08:35:50Z,51.4491980,-0.2836350,38.9,121
2020-06-20T08:35:56Z,51.4491640,-0.2837790,39.7,124
2020-06-20T08:36:08Z,51.4490880,-0.2840500,41.2,125
2020-06-20T08:36:20Z,51.4490360,-0.2843360,42.6,125
2020-06-20T08:36:33Z,51.4489860,-0.2846210,44.1,125
2020-06-20T08:36:40Z,51.4489590,-0.2847930,44.9,122
2020-06-20T08:36:53Z,51.4489350,-0.2850950,46.1,122
2020-06-20T08:37:06Z,51.4489350,-0.2853980,47.2,119
2020-06-20T08:37:19Z,51.4489200,-0.2856960,48.0,119
2020-06-20T08:37:28Z,51.4489020,-0.2859250,48.5,116
2020-06-20T08:37:41Z,51.4488840,-0.2862350,49.1,118
2020-06-20T08:37:53Z,51.4488890,-0.2865370,49.4,117
2020-06-20T08:38:05Z,51.4488790,-0.2868320,49.6,118
2020-06-20T08:38:11Z,51.4488760,-0.2869860,49.6,113
2020-06-20T08:38:13Z,51.4488790,-0.2870430,49.6,110
2020-06-20T08:38:17Z,51.4488890,-0.2871310,49.5,107
2020-06-20T08:38:21Z,51.4488890,-0.2871950,49.5,110
2020-06-20T08:38:34Z,51.4489000,-0.2874850,49.3,109
2020-06-20T08:38:46Z,51.4489290,-0.2877810,49.1,108
2020-06-20T08:38:49Z,51.4489320,-0.2878380,49.0,111
2020-06-20T08:38:50Z,51.4489310,-0.2878620,49.0,111
2020-06-20T08:38:56Z,51.4489290,-0.2880030,48.9,108
2020-06-20T08:38:57Z,51.4489280,-0.2880260,48.9,105
2020-06-20T08:38:58Z,51.4489290,-0.2880530,48.9,105
2020-06-20T08:39:12Z,51.4489490,-0.2883530,48.5,105
2020-06-20T08:39:23Z,51.4489740,-0.2886570,48.0,105
2020-06-20T08:39:34Z,51.4490040,-0.2889470,47.5,103
2020-06-20T08:39:46Z,51.4490290,-0.2892440,47.4,104
2020-06-20T08:39:57Z,51.4490550,-0.2895330,47.6,104
2020-06-20T08:40:03Z,51.4490670,-0.2896810,47.8,107
2020-06-20T08:40:14Z,51.4490710,-0.2899530,48.3,110
2020-06-20T08:40:27Z,51.4490800,-0.2902600,48.9,110
2020-06-20T08:40:36Z,51.4491120,-0.2904830,49.2,111
2020-06-20T08:40:49Z,51.4491550,-0.2907700,49.5,110
2020-06-20T08:41:01Z,51.4492060,-0.2910570,49.6,108
2020-06-20T08:41:10Z,51.4492240,-0.2912620,49.7,112
2020-06-20T08:41:21Z,51.4492530,-0.2915190,49.8,107
2020-06-20T08:41:22Z,51.4492600,-0.2915460,49.8,104
2020-06-20T08:41:35Z,51.4493000,-0.2918470,49.8,103
2020-06-20T08:41:49Z,51.4493450,-0.2921250,49.8,102
2020-06-20T08:42:01Z,51.4493890,-0.2924070,49.8,104
2020-06-20T08:42:11Z,51.4494390,-0.2926170,49.6,101
2020-06-20T08:42:24Z,51.4494980,-0.2929010,49.3,102
2020-06-20T08:42:32Z,51.4495110,-0.2931190,49.0,104
2020-06-20T08:42:36Z,51.4495560,-0.2932210,48.8,101
2020-06-20T08:42:48Z,51.4496370,-0.2934900,48.2,101
2020-06-20T08:43:00Z,51.4496640,-0.2937820,47.6,102
2020-06-20T08:43:12Z,51.4497170,-0.2940730,47.0,99
2020-06-20T08:43:17Z,51.4497250,-0.2941810,46.9,100
2020-06-20T08:43:28Z,51.4498250,-0.2944210,46.8,100
2020-06-20T08:43:33Z,51.4498220,-0.2945150,46.8,100
2020-06-20T08:43:42Z,51.4498860,-0.2946710,46.9,100
2020-06-20T08:43:45Z,51.4499230,-0.2947170,46.9,100
2020-06-20T08:43:50Z,51.4500040,-0.2947680,45.9,103
2020-06-20T08:43:56Z,51.4501530,-0.2948020,45.0,111
2020-06-20T08:43:58Z,51.4501950,-0.2948280,44.7,116
2020-06-20T08:43:59Z,51.4502160,-0.2948350,44.6,120
2020-06-20T08:44:00Z,51.4502410,-0.2948420,44.5,120
2020-06-20T08:44:09Z,51.4504330,-0.2948240,43.8,121
2020-06-20T08:44:18Z,51.4506150,-0.2947990,42.6,124
2020-06-20T08:44:27Z,51.4507890,-0.2946500,41.7,125
2020-06-20T08:44:37Z,51.4509500,-0.2944740,41.1,128
2020-06-20T08:44:46Z,51.4510960,-0.2942880,41.0,129
2020-06-20T08:44:54Z,51.4512380,-0.2941070,41.2,132
2020-06-20T08:45:04Z,51.4513930,-0.2939210,41.5,134
2020-06-20T08:45:12Z,51.4515100,-0.2936970,41.5,136
2020-06-20T08:45:19Z,51.4516440,-0.2934790,41.5,136
2020-06-20T08:45:27Z,51.4517800,-0.2932350,41.3,138
2020-06-20T08:45:33Z,51.4519010,-0.2930170,40.9,139
2020-06-20T08:45:40Z,51.4520010,-0.2927580,40.5,140
2020-06-20T08:45:48Z,51.4521280,-0.2925060,40.1,139
2020-06-20T08:45:55Z,51.4522280,-0.2922570,39.8,139
2020-06-20T08:46:02Z,51.4523140,-0.2920030,39.7,140
2020-06-20T08:46:10Z,51.4524150,-0.2917480,39.6,139
2020-06-20T08:46:19Z,51.4525370,-0.2915150,39.5,137
2020-06-20T08:46:28Z,51.4526110,-0.2912470,39.4,137
2020-06-20T08:46:36Z,51.4526810,-0.2910250,39.4,135
2020-06-20T08:47:06Z,51.4527430,-0.2908480,39.2,139
2020-06-20T08:47:26Z,51.4528170,-0.2906020,38.7,137
2020-06-20T08:47:31Z,51.4528600,-0.2905150,38.5,134
2020-06-20T08:47:34Z,51.4528890,-0.2904600,38.4,123
2020-06-20T08:47:35Z,51.4528970,-0.2904510,38.4,124
2020-06-20T08:47:39Z,51.4529070,-0.2904250,38.3,118
2020-06-20T08:47:59Z,51.4529040,-0.2904190,38.3,115
2020-06-20T08:48:05Z,51.4529000,-0.2904160,38.3,112
2020-06-20T08:48:10Z,51.4528990,-0.2904180,38.3,109
2020-06-20T08:48:15Z,51.4528980,-0.2904180,38.3,106
2020-06-20T08:48:20Z,51.4529000,-0.2904220,38.3,103
2020-06-20T08:48:25Z,51.4529000,-0.2904250,38.3,100
2020-06-20T08:48:31Z,51.4529000,-0.2904250,38.3,97
2020-06-20T08:48:36Z,51.4529020,-0.2904250,38.3,94
2020-06-20T08:48:41Z,51.4529030,-0.2904240,38.3,91
2020-06-20T08:48:54Z,51.4529020,-0.2904220,38.2,95
2020-06-20T08:48:55Z,51.4529010,-0.2904220,38.2,98
2020-06-20T08:48:56Z,51.4529000,-0.2904230,38.2,115
2020-06-20T08:48:58Z,51.4529000,-0.2904260,38.2,120
2020-06-20T08:48:59Z,51.4529000,-0.2904260,38.2,120
2020-06-20T08:49:02Z,51.4529020,-0.2904230,38.2,117
2020-06-20T08:49:10Z,51.4529020,-0.2904200,38.2,114
2020-06-20T08:49:15Z,51.4529020,-0.2904210,38.2,111
2020-06-20T08:49:19Z,51.4529020,-0.2904220,38.2,108
2020-06-20T08:49:22Z,51.4529010,-0.2904220,38.2,105
2020-06-20T08:49:24Z,51.4529020,-0.2904230,38.2,102
2020-06-20T08:49:27Z,51.4529020,-0.2904240,38.2,99
2020-06-20T08:49:30Z,51.4529020,-0.2904230,38.2,96
2020-06-20T08:49:34Z,51.4529020,-0.2904240,38.2,93
2020-06-20T08:49:38Z,51.4529050,-0.2904260,38.2,90
2020-06-20T08:49:44Z,51.4529140,-0.2904250,38.2,87
2020-06-20T08:49:50Z,51.4529210,-0.2904230,38.1,84
2020-06-20T08:50:05Z,51.4529190,-0.2904210,38.1,87
2020-06-20T08:50:08Z,51.4529200,-0.2904210,38.1,90
2020-06-20T08:50:10Z,51.4529210,-0.2904210,38.1,101
2020-06-20T08:50:13Z,51.4529220,-0.2904220,38.1,105
2020-06-20T08:50:15Z,51.4529220,-0.2904230,38.1,116
2020-06-20T08:50:16Z,51.4529220,-0.2904230,38.1,115
2020-06-20T08:50:21Z,51.4529220,-0.2904250,38.1,118
2020-06-20T08:50:33Z,51.4529240,-0.2904250,38.1,121
2020-06-20T08:50:46Z,51.4529250,-0.2904320,38.1,118
2020-06-20T08:50:52Z,51.4529240,-0.2904330,38.1,115
2020-06-20T08:50:56Z,51.4529240,-0.2904320,38.1,109
2020-06-20T08:50:57Z,51.4529240,-0.2904320,38.1,114
2020-06-20T08:50:59Z,51.4529240,-0.2904300,38.1,118
2020-06-20T08:51:07Z,51.4530060,-0.2903040,37.8,123
2020-06-20T08:51:08Z,51.4530130,-0.2902950,37.7,124
2020-06-20T08:51:09Z,51.4530170,-0.2902910,37.7,129
2020-06-20T08:51:10Z,51.4530180,-0.2902870,37.7,135
2020-06-20T08:51:11Z,51.4530210,-0.2902760,37.7,140
2020-06-20T08:51:12Z,51.4530300,-0.2902660,37.7,143
2020-06-20T08:51:13Z,51.4530410,-0.2902480,37.6,142
2020-06-20T08:51:15Z,51.4530640,-0.2902040,37.5,147
2020-06-20T08:51:20Z,51.4531480,-0.2900510,37.1,151
2020-06-20T08:51:21Z,51.4531700,-0.2900210,37.0,156
2020-06-20T08:51:22Z,51.4531910,-0.2899920,36.9,159
2020-06-20T08:51:23Z,51.4532090,-0.2899650,36.8,165
2020-06-20T08:51:24Z,51.4532410,-0.2899130,36.6,163
2020-06-20T08:51:34Z,51.4533730,-0.2897120,35.8,161
2020-06-20T08:51:36Z,51.4533990,-0.2896510,35.7,165
2020-06-20T08:51:41Z,51.4534880,-0.2895000,35.2,168
2020-06-20T08:51:42Z,51.4535300,-0.2894520,35.0,145
2020-06-20T08:51:43Z,51.4535300,-0.2894520,35.0,145
2020-06-20T08:51:44Z,51.4535530,-0.2894270,34.9,141
2020-06-20T08:51:48Z,51.4536520,-0.2893180,34.4,144
2020-06-20T08:51:55Z,51.4538030,-0.2890950,33.6,142
2020-06-20T08:51:56Z,51.4538210,-0.2890620,33.5,147
2020-06-20T08:51:58Z,51.4538550,-0.2889950,33.3,150
2020-06-20T08:52:01Z,51.4539060,-0.2889280,33.0,154
2020-06-20T08:52:04Z,51.4539660,-0.2888540,32.6,157
2020-06-20T08:52:05Z,51.4539860,-0.2888250,32.4,162
2020-06-20T08:52:06Z,51.4540050,-0.2887970,32.3,161
2020-06-20T08:52:07Z,51.4540250,-0.2887660,32.1,158
2020-06-20T08:52:13Z,51.4541620,-0.2885890,30.9,161
2020-06-20T08:52:20Z,51.4543160,-0.2883840,29.7,163
2020-06-20T08:52:26Z,51.4544450,-0.2881860,28.8,161
2020-06-20T08:52:33Z,51.4545860,-0.2879750,27.9,163
2020-06-20T08:52:40Z,51.4547380,-0.2877680,27.7,163
2020-06-20T08:52:47Z,51.4548790,-0.2875390,27.7,163
2020-06-20T08:52:52Z,51.4549280,-0.2872760,28.0,166
2020-06-20T08:52:54Z,51.4549380,-0.2871750,28.3,169
2020-06-20T08:53:01Z,51.4550890,-0.2870140,29.2,171
2020-06-20T08:53:07Z,51.4552540,-0.2870230,30.2,168
2020-06-20T08:53:15Z,51.4554420,-0.2869040,31.6,166
2020-06-20T08:53:20Z,51.4555640,-0.2866810,32.9,167
2020-06-20T08:53:26Z,51.4556410,-0.2864230,33.9,168
2020-06-20T08:53:34Z,51.4556570,-0.2861010,34.7,168
2020-06-20T08:53:41Z,51.4555870,-0.2858240,35.3,168
2020-06-20T08:53:44Z,51.4555040,-0.2856570,35.7,171
2020-06-20T08:53:48Z,51.4554410,-0.2855020,35.9,170
2020-06-20T08:53:51Z,51.4554360,-0.2854700,35.9,168
2020-06-20T08:53:55Z,51.4554280,-0.2854100,35.9,169
2020-06-20T08:54:06Z,51.4554210,-0.2852600,35.9,166
2020-06-20T08:54:08Z,51.4554240,-0.2852200,35.9,172
2020-06-20T08:54:09Z,51.4554310,-0.2851750,35.9,184
2020-06-20T08:54:10Z,51.4554310,-0.2851750,35.9,184
2020-06-20T08:54:13Z,51.4554400,-0.2851200,35.9,180
2020-06-20T08:54:14Z,51.4554410,-0.2851010,35.9,177
2020-06-20T08:54:15Z,51.4554420,-0.2850810,35.9,174
2020-06-20T08:54:17Z,51.4554460,-0.2850370,35.9,170
2020-06-20T08:54:21Z,51.4554490,-0.2849470,35.9,174
2020-06-20T08:54:30Z,51.4554390,-0.2847220,35.8,170
2020-06-20T08:54:33Z,51.4554180,-0.2846430,35.7,167
2020-06-20T08:54:36Z,51.4554070,-0.2845790,35.7,164
2020-06-20T08:54:38Z,51.4553980,-0.2845410,35.7,161
2020-06-20T08:54:41Z,51.4553910,-0.2844770,35.7,158
2020-06-20T08:54:45Z,51.4553940,-0.2843920,35.6,148
2020-06-20T08:54:46Z,51.4553960,-0.2843540,35.6,150
2020-06-20T08:54:52Z,51.4554220,-0.2842570,35.5,147
2020-06-20T08:54:53Z,51.4554320,-0.2842170,35.5,149
2020-06-20T08:54:58Z,51.4554490,-0.2841260,35.4,145
2020-06-20T08:55:00Z,51.4554570,-0.2840860,35.4,145
2020-06-20T08:55:04Z,51.4554610,-0.2840020,35.3,145
2020-06-20T08:55:11Z,51.4554750,-0.2838500,35.2,141
2020-06-20T08:55:22Z,51.4554760,-0.2836090,34.8,134
2020-06-20T08:55:25Z,51.4554670,-0.2835340,34.7,131
2020-06-20T08:55:38Z,51.4554740,-0.2832660,34.4,130
2020-06-20T08:55:49Z,51.4555880,-0.2830190,33.8,132
2020-06-20T08:55:54Z,51.4556470,-0.2828550,33.3,129
2020-06-20T08:55:55Z,51.4556760,-0.2827960,33.0,133
2020-06-20T08:55:58Z,51.4557080,-0.2827370,32.7,142
2020-06-20T08:56:00Z,51.4557390,-0.2826690,32.4,145
2020-06-20T08:56:04Z,51.4557970,-0.2825340,31.8,148
2020-06-20T08:56:05Z,51.4558090,-0.2825060,31.6,151
2020-06-20T08:56:06Z,51.4558400,-0.2824520,31.1,142
2020-06-20T08:56:07Z,51.4558400,-0.2824520,31.1,142
2020-06-20T08:56:08Z,51.4558580,-0.2824290,31.0,138
2020-06-20T08:56:09Z,51.4558870,-0.2823720,30.8,134
2020-06-20T08:56:10Z,51.4558870,-0.2823720,30.8,134
2020-06-20T08:56:18Z,51.4560370,-0.2822280,30.2,137
2020-06-20T08:56:27Z,51.4561330,-0.2819570,29.5,139
2020-06-20T08:56:33Z,51.4561590,-0.2817430,29.2,142
2020-06-20T08:56:41Z,51.4561560,-0.2814170,28.5,144
2020-06-20T08:56:48Z,51.4562000,-0.2811210,27.9,146
2020-06-20T08:56:52Z,51.4562020,-0.2809510,27.6,150
2020-06-20T08:56:59Z,51.4561630,-0.2806480,27.2,151
2020-06-20T08:57:06Z,51.4560990,-0.2803400,27.0,151
2020-06-20T08:57:11Z,51.4560910,-0.2801250,26.6,154
2020-06-20T08:57:18Z,51.4560930,-0.2798330,26.2,154
2020-06-20T08:57:25Z,51.4561060,-0.2795440,25.8,157
2020-06-20T08:57:28Z,51.4561010,-0.2794170,25.7,162
2020-06-20T08:57:34Z,51.4560880,-0.2791680,25.5,159
2020-06-20T08:57:42Z,51.4561080,-0.2788450,25.1,159
2020-06-20T08:57:50Z,51.4560770,-0.2785420,24.7,160
2020-06-20T08:57:58Z,51.4560380,-0.2782220,24.3,159
2020-06-20T08:58:02Z,51.4560220,-0.2780720,24.2,162
2020-06-20T08:58:10Z,51.4560070,-0.2777590,23.8,158
2020-06-20T08:58:13Z,51.4560060,-0.2776400,23.6,155
2020-06-20T08:58:21Z,51.4560150,-0.2773180,23.4,157
2020-06-20T08:58:28Z,51.4559930,-0.2770420,23.1,160
2020-06-20T08:58:31Z,51.4559820,-0.2769260,23.0,163
2020-06-20T08:58:39Z,51.4559670,-0.2766090,22.5,162
2020-06-20T08:58:44Z,51.4559550,-0.2763990,22.4,159
2020-06-20T08:58:52Z,51.4559340,-0.2760810,22.2,159
2020-06-20T08:59:00Z,51.4559330,-0.2757660,22.0,158
2020-06-20T08:59:08Z,51.4559300,-0.2754730,21.7,159
2020-06-20T08:59:16Z,51.4559610,-0.2751570,21.5,158
2020-06-20T08:59:24Z,51.4559060,-0.2748500,21.4,160
2020-06-20T08:59:28Z,51.4558620,-0.2747050,21.4,163
2020-06-20T08:59:36Z,51.4558300,-0.2743940,21.2,163
2020-06-20T08:59:40Z,51.4558360,-0.2742470,21.1,166
2020-06-20T08:59:48Z,51.4558510,-0.2739400,20.9,166
2020-06-20T08:59:55Z,51.4558590,-0.2736510,20.7,164
2020-06-20T08:59:57Z,51.4558520,-0.2735630,20.6,167
2020-06-20T09:00:02Z,51.4558460,-0.2733530,20.5,164
2020-06-20T09:00:09Z,51.4558600,-0.2730660,20.4,163
2020-06-20T09:00:17Z,51.4558710,-0.2727470,20.2,163
2020-06-20T09:00:25Z,51.4558710,-0.2724450,20.0,164
2020-06-20T09:00:33Z,51.4558860,-0.2721240,19.6,162
2020-06-20T09:00:41Z,51.4559520,-0.2718450,19.5,162
2020-06-20T09:00:42Z,51.4559620,-0.2718100,19.5,163
2020-06-20T09:00:45Z,51.4559610,-0.2716850,19.5,166
2020-06-20T09:00:51Z,51.4559680,-0.2713820,19.5,165
2020-06-20T09:00:57Z,51.4559800,-0.2710690,19.4,163
2020-06-20T09:01:03Z,51.4559990,-0.2707620,19.3,163
2020-06-20T09:01:07Z,51.4560110,-0.2705330,19.2,166
2020-06-20T09:01:10Z,51.4560260,-0.2703630,19.2,169
2020-06-20T09:01:15Z,51.4560640,-0.2700770,19.2,170
2020-06-20T09:01:21Z,51.4561250,-0.2697520,19.0,170
2020-06-20T09:01:26Z,51.4561660,-0.2694650,18.9,168
2020-06-20T09:01:31Z,51.4561920,-0.2691350,18.8,167
2020-06-20T09:01:36Z,51.4562020,-0.2688160,18.7,169
2020-06-20T09:01:41Z,51.4562140,-0.2684730,18.7,169
2020-06-20T09:01:45Z,51.4562290,-0.2682460,18.8,169
2020-06-20T09:01:54Z,51.4562370,-0.2681190,18.8,166
2020-06-20T09:02:06Z,51.4562470,-0.2681230,18.8,169
2020-06-20T09:02:10Z,51.4562500,-0.2681180,18.8,172
2020-06-20T09:02:28Z,51.4562500,-0.2681120,18.8,168
2020-06-20T09:02:30Z,51.4562500,-0.2681110,18.8,164
2020-06-20T09:02:32Z,51.4562560,-0.2681120,18.8,161
2020-06-20T09:02:34Z,51.4562570,-0.2681080,18.8,157
2020-06-20T09:02:36Z,51.4562560,-0.2681080,18.8,153
2020-06-20T09:02:38Z,51.4562560,-0.2681080,18.8,150
2020-06-20T09:02:47Z,51.4562620,-0.2681110,18.8,147
2020-06-20T09:02:49Z,51.4562630,-0.2681130,18.8,144
2020-06-20T09:02:51Z,51.4562650,-0.2681140,18.8,141
2020-06-20T09:03:00Z,51.4562720,-0.2681240,18.8,145
2020-06-20T09:03:05Z,51.4562900,-0.2681020,18.8,142
2020-06-20T09:03:09Z,51.4563310,-0.2680750,18.8,140
2020-06-20T09:03:17Z,51.4564980,-0.2679340,18.8,144
2020-06-20T09:03:18Z,51.4565350,-0.2678910,18.8,151
2020-06-20T09:03:19Z,51.4565350,-0.2678910,18.8,151
2020-06-20T09:03:25Z,51.4566300,-0.2677940,18.8,154
2020-06-20T09:03:29Z,51.4566810,-0.2677550,18.9,149
2020-06-20T09:03:31Z,51.4566920,-0.2677170,18.9,150
2020-06-20T09:03:32Z,51.4566910,-0.2676970,18.9,156
2020-06-20T09:03:33Z,51.4566920,-0.2676750,18.9,164
2020-06-20T09:03:34Z,51.4566930,-0.2676530,18.9,168
2020-06-20T09:03:35Z,51.4566930,-0.2676330,18.9,168
2020-06-20T09:03:40Z,51.4567010,-0.2675460,19.0,158
2020-06-20T09:03:41Z,51.4567030,-0.2675260,19.0,143
2020-06-20T09:03:42Z,51.4567070,-0.2674870,19.1,137
2020-06-20T09:03:43Z,51.4567070,-0.2674870,19.1,137
2020-06-20T09:03:45Z,51.4567120,-0.2674390,19.1,140
2020-06-20T09:03:48Z,51.4567130,-0.2673570,18.8,136
2020-06-20T09:03:49Z,51.4567150,-0.2673300,18.7,133
2020-06-20T09:04:00Z,51.4566970,-0.2670410,18.6,131
2020-06-20T09:04:15Z,51.4566480,-0.2667480,18.1,130
2020-06-20T09:04:27Z,51.4565970,-0.2664610,17.8,131
2020-06-20T09:04:34Z,51.4565880,-0.2662830,17.7,128
2020-06-20T09:04:35Z,51.4565810,-0.2662340,17.6,128
2020-06-20T09:04:49Z,51.4565540,-0.2659360,17.3,128
2020-06-20T09:04:50Z,51.4565530,-0.2658890,17.2,127
2020-06-20T09:05:02Z,51.4565300,-0.2656240,17.0,128
2020-06-20T09:05:15Z,51.4565270,-0.2653660,16.8,124
2020-06-20T09:05:20Z,51.4565060,-0.2652580,16.7,121
2020-06-20T09:05:33Z,51.4564850,-0.2649610,16.4,121
2020-06-20T09:05:36Z,51.4564780,-0.2648960,16.3,125
2020-06-20T09:05:44Z,51.4564550,-0.2646850,16.0,121
2020-06-20T09:06:00Z,51.4564040,-0.2644120,15.5,121
2020-06-20T09:06:01Z,51.4564040,-0.2644030,15.5,122
2020-06-20T09:06:08Z,51.4564030,-0.2643790,15.5,119
2020-06-20T09:06:19Z,51.4564060,-0.2643160,15.4,120
2020-06-20T09:06:35Z,51.4563890,-0.2640340,14.8,118
2020-06-20T09:06:41Z,51.4563530,-0.2639080,14.4,115
2020-06-20T09:06:51Z,51.4563100,-0.2637120,13.7,118
2020-06-20T09:07:06Z,51.4562390,-0.2634180,12.7,117
2020-06-20T09:07:10Z,51.4562180,-0.2633490,12.5,118
2020-06-20T09:07:21Z,51.4561100,-0.2631130,11.7,119
2020-06-20T09:07:28Z,51.4560510,-0.2629970,11.3,116
2020-06-20T09:07:37Z,51.4559780,-0.2628610,10.9,113
2020-06-20T09:07:38Z,51.4559520,-0.2628220,10.8,116
2020-06-20T09:07:42Z,51.4559220,-0.2627680,10.7,119
2020-06-20T09:07:55Z,51.4558030,-0.2625370,10.0,118
2020-06-20T09:08:07Z,51.4556620,-0.2623410,9.5,119
2020-06-20T09:08:21Z,51.4555410,-0.2621110,8.9,118
2020-06-20T09:08:33Z,51.4554570,-0.2618880,8.5,121
2020-06-20T09:08:42Z,51.4553880,-0.2617270,8.2,118
2020-06-20T09:08:54Z,51.4552610,-0.2614840,7.7,118
2020-06-20T09:09:06Z,51.4551280,-0.2612540,7.4,118
2020-06-20T09:09:20Z,51.4549970,-0.2610280,7.2,117
2020-06-20T09:09:33Z,51.4548550,-0.2608410,7.0,118
2020-06-20T09:09:45Z,51.4547310,-0.2606280,7.1,116
2020-06-20T09:10:00Z,51.4546080,-0.2603900,7.2,117
2020-06-20T09:10:12Z,51.4545300,-0.2601020,7.3,117
2020-06-20T09:10:27Z,51.4544620,-0.2598250,7.4,117
2020-06-20T09:10:37Z,51.4544110,-0.2596350,7.5,120
2020-06-20T09:10:39Z,51.4544010,-0.2596010,7.6,123
2020-06-20T09:10:43Z,51.4543570,-0.2595440,7.6,133
2020-06-20T09:10:44Z,51.4543410,-0.2595050,7.6,128
2020-06-20T09:10:46Z,51.4543360,-0.2594830,7.6,124
2020-06-20T09:10:59Z,51.4542530,-0.2592220,7.7,124
2020-06-20T09:11:11Z,51.4541870,-0.2589420,7.7,123
2020-06-20T09:11:19Z,51.4541370,-0.2587510,7.7,120
2020-06-20T09:11:28Z,51.4540910,-0.2585810,7.6,117
2020-06-20T09:11:42Z,51.4540310,-0.2583040,7.8,118
2020-06-20T09:11:55Z,51.4539470,-0.2580370,8.0,118
2020-06-20T09:12:09Z,51.4538770,-0.2577630,8.5,119
2020-06-20T09:12:11Z,51.4538610,-0.2577240,8.6,125
2020-06-20T09:12:13Z,51.4538490,-0.2576820,8.7,128
2020-06-20T09:12:17Z,51.4538310,-0.2575940,8.8,128
2020-06-20T09:12:23Z,51.4538210,-0.2574710,9.0,126
2020-06-20T09:12:36Z,51.4539460,-0.2572510,10.5,127
2020-06-20T09:12:41Z,51.4539550,-0.2571600,11.5,130
2020-06-20T09:12:45Z,51.4539750,-0.2570980,11.5,130
2020-06-20T09:12:51Z,51.4540140,-0.2569780,11.5,132
2020-06-20T09:12:56Z,51.4540570,-0.2568200,11.7,136
2020-06-20T09:12:59Z,51.4540700,-0.2567160,11.8,139
2020-06-20T09:13:02Z,51.4540890,-0.2566120,11.8,142
2020-06-20T09:13:09Z,51.4541020,-0.2563650,11.9,145
2020-06-20T09:13:10Z,51.4541010,-0.2563270,11.9,148
2020-06-20T09:13:13Z,51.4541150,-0.2562300,12.0,151
2020-06-20T09:13:15Z,51.4541300,-0.2561630,12.0,154
2020-06-20T09:13:17Z,51.4541380,-0.2561020,12.0,159
2020-06-20T09:13:23Z,51.4541590,-0.2559020,12.0,157
2020-06-20T09:13:27Z,51.4541930,-0.2557580,12.1,160
2020-06-20T09:13:35Z,51.4542890,-0.2554830,12.3,163
2020-06-20T09:13:38Z,51.4543330,-0.2553970,12.4,157
2020-06-20T09:13:40Z,51.4543560,-0.2553390,12.5,160
2020-06-20T09:13:44Z,51.4544030,-0.2552300,12.8,157
2020-06-20T09:13:54Z,51.4545710,-0.2550530,13.3,161
2020-06-20T09:14:00Z,51.4546990,-0.2549800,13.8,164
2020-06-20T09:14:09Z,51.4548740,-0.2548510,14.6,165
2020-06-20T09:14:16Z,51.4550360,-0.2547180,15.4,164
2020-06-20T09:14:25Z,51.4551320,-0.2544650,16.2,163
2020-06-20T09:14:33Z,51.4551170,-0.2542540,16.7,160
2020-06-20T09:14:44Z,51.4550830,-0.2539440,17.4,162
2020-06-20T09:14:45Z,51.4550780,-0.2539150,17.4,165
2020-06-20T09:14:46Z,51.4550710,-0.2538520,17.5,168
2020-06-20T09:14:47Z,51.4550710,-0.2538520,17.5,168
2020-06-20T09:14:50Z,51.4550700,-0.2537500,17.7,169
2020-06-20T09:14:59Z,51.4550260,-0.2534450,18.5,169
2020-06-20T09:15:09Z,51.4550070,-0.2531460,19.3,169
2020-06-20T09:15:13Z,51.4549950,-0.2530280,19.7,166
2020-06-20T09:15:16Z,51.4549890,-0.2529470,19.9,169
2020-06-20T09:15:26Z,51.4549670,-0.2526550,20.8,169
2020-06-20T09:15:31Z,51.4549640,-0.2524810,21.3,170
2020-06-20T09:15:41Z,51.4549220,-0.2521860,22.3,170
2020-06-20T09:15:52Z,51.4548780,-0.2518940,23.3,172
2020-06-20T09:16:00Z,51.4548270,-0.2516020,24.3,172
2020-06-20T09:16:07Z,51.4548230,-0.2513040,25.2,172
2020-06-20T09:16:15Z,51.4548130,-0.2510010,26.2,171
2020-06-20T09:16:24Z,51.4547660,-0.2507060,27.3,173
2020-06-20T09:16:26Z,51.4547490,-0.2506350,27.5,176
2020-06-20T09:16:34Z,51.4547290,-0.2503380,28.2,174
2020-06-20T09:16:37Z,51.4547250,-0.2502250,28.2,171
2020-06-20T09:16:47Z,51.4547320,-0.2499200,29.0,171
2020-06-20T09:16:49Z,51.4547360,-0.2498650,29.1,174
2020-06-20T09:16:59Z,51.4546930,-0.2495480,29.6,174
2020-06-20T09:17:06Z,51.4546590,-0.2492540,30.3,174
2020-06-20T09:17:15Z,51.4546350,-0.2489650,31.0,174
2020-06-20T09:17:24Z,51.4546400,-0.2487330,31.6,173
2020-06-20T09:17:33Z,51.4546070,-0.2484450,32.4,174
2020-06-20T09:17:43Z,51.4546080,-0.2481280,33.3,173
2020-06-20T09:17:51Z,51.4545780,-0.2478090,34.1,171
2020-06-20T09:17:59Z,51.4545520,-0.2474960,34.8,173
2020-06-20T09:18:06Z,51.4545130,-0.2472360,35.4,176
2020-06-20T09:18:10Z,51.4545030,-0.2471000,35.8,173
2020-06-20T09:18:13Z,51.4544880,-0.2470060,36.0,176
2020-06-20T09:18:22Z,51.4544510,-0.2467050,36.6,177
2020-06-20T09:18:31Z,51.4544320,-0.2464080,37.3,175
2020-06-20T09:18:40Z,51.4544120,-0.2460870,37.8,175
2020-06-20T09:18:48Z,51.4543700,-0.2457730,38.3,176
2020-06-20T09:18:56Z,51.4543320,-0.2454560,38.8,174
2020-06-20T09:19:06Z,51.4543490,-0.2451460,39.2,175
2020-06-20T09:19:15Z,51.4543370,-0.2448480,39.7,175
2020-06-20T09:19:22Z,51.4542690,-0.2445470,40.3,176
2020-06-20T09:19:30Z,51.4542100,-0.2442530,40.9,176
2020-06-20T09:19:39Z,51.4541620,-0.2439540,41.6,175
2020-06-20T09:19:43Z,51.4541680,-0.2438430,41.9,174
2020-06-20T09:19:52Z,51.4542310,-0.2437030,42.3,171
2020-06-20T09:19:53Z,51.4542320,-0.2437000,42.3,171
2020-06-20T09:19:54Z,51.4542320,-0.2437000,42.3,174
2020-06-20T09:19:57Z,51.4542330,-0.2436920,42.3,169
2020-06-20T09:20:00Z,51.4542330,-0.2436910,42.3,166
2020-06-20T09:20:08Z,51.4542320,-0.2436130,42.3,165
2020-06-20T09:20:15Z,51.4542840,-0.2434730,42.3,164
2020-06-20T09:20:21Z,51.4543610,-0.2434000,42.2,161
2020-06-20T09:20:24Z,51.4543980,-0.2433720,42.1,158
2020-06-20T09:20:26Z,51.4544300,-0.2433640,42.1,146
2020-06-20T09:20:27Z,51.4544480,-0.2433550,42.1,147
2020-06-20T09:20:29Z,51.4544870,-0.2433400,42.0,150
2020-06-20T09:20:35Z,51.4546200,-0.2433180,41.8,154
2020-06-20T09:20:43Z,51.4548180,-0.2432660,41.5,156
2020-06-20T09:20:46Z,51.4548950,-0.2432490,41.3,161
2020-06-20T09:20:47Z,51.4549200,-0.2432400,41.2,162
2020-06-20T09:20:50Z,51.4549970,-0.2431990,41.1,159
2020-06-20T09:20:51Z,51.4550190,-0.2431790,41.1,164
2020-06-20T09:20:53Z,51.4550470,-0.2431180,41.4,168
2020-06-20T09:20:55Z,51.4550630,-0.2430410,41.5,165
2020-06-20T09:20:59Z,51.4550790,-0.2428910,41.5,162
2020-06-20T09:21:04Z,51.4551040,-0.2427050,41.5,159
2020-06-20T09:21:06Z,51.4551100,-0.2426410,41.1,162
2020-06-20T09:21:07Z,51.4551120,-0.2426060,41.1,170
2020-06-20T09:21:08Z,51.4551160,-0.2425670,41.1,173
2020-06-20T09:21:09Z,51.4551190,-0.2425280,41.2,173
2020-06-20T09:21:17Z,51.4551170,-0.2422280,41.3,176
2020-06-20T09:21:21Z,51.4551000,-0.2420730,41.3,173
2020-06-20T09:21:25Z,51.4550920,-0.2419350,41.4,170
2020-06-20T09:21:32Z,51.4551350,-0.2416560,41.9,169
2020-06-20T09:21:39Z,51.4551300,-0.2413690,41.4,170
2020-06-20T09:21:46Z,51.4551030,-0.2410750,41.0,171
2020-06-20T09:21:50Z,51.4550890,-0.2409070,40.8,174
2020-06-20T09:21:57Z,51.4551150,-0.2406410,40.6,171
2020-06-20T09:22:05Z,51.4552870,-0.2405560,40.2,169
2020-06-20T09:22:08Z,51.4553440,-0.2405350,40.1,169
2020-06-20T09:22:10Z,51.4553590,-0.2404780,40.0,166
2020-06-20T09:22:18Z,51.4553890,-0.2401720,39.5,163
2020-06-20T09:22:26Z,51.4554190,-0.2398640,39.2,162
2020-06-20T09:22:34Z,51.4554380,-0.2395340,39.0,161
2020-06-20T09:22:42Z,51.4554550,-0.2392200,38.8,162
2020-06-20T09:22:44Z,51.4554630,-0.2391500,38.8,165
2020-06-20T09:22:47Z,51.4554710,-0.2390450,38.8,168
2020-06-20T09:22:56Z,51.4554970,-0.2387330,38.8,169
2020-06-20T09:23:03Z,51.4555200,-0.2384690,38.8,166
2020-06-20T09:23:08Z,51.4555460,-0.2382790,38.9,169
2020-06-20T09:23:16Z,51.4555740,-0.2379550,38.9,169
2020-06-20T09:23:24Z,51.4555890,-0.2376290,39.1,169
2020-06-20T09:23:26Z,51.4555940,-0.2375520,39.1,166
2020-06-20T09:23:30Z,51.4556120,-0.2374020,39.2,170
2020-06-20T09:23:37Z,51.4556840,-0.2371280,39.3,170
2020-06-20T09:23:45Z,51.4557070,-0.2368050,39.3,171
2020-06-20T09:23:53Z,51.4557300,-0.2364950,39.3,173
2020-06-20T09:24:01Z,51.4557520,-0.2361840,39.3,175
2020-06-20T09:24:08Z,51.4557750,-0.2359520,39.4,172
2020-06-20T09:24:18Z,51.4558100,-0.2356290,39.5,171
2020-06-20T09:24:26Z,51.4558330,-0.2353110,39.6,173
2020-06-20T09:24:33Z,51.4558600,-0.2349980,39.7,172
2020-06-20T09:24:40Z,51.4558860,-0.2346990,39.5,174
2020-06-20T09:24:44Z,51.4558930,-0.2345290,39.4,170
2020-06-20T09:24:47Z,51.4558960,-0.2344030,39.4,173
2020-06-20T09:24:52Z,51.4559170,-0.2342320,39.4,172
2020-06-20T09:25:01Z,51.4560650,-0.2341580,39.0,172
2020-06-20T09:25:04Z,51.4560790,-0.2340620,39.0,169
2020-06-20T09:25:13Z,51.4561220,-0.2337620,38.2,170
2020-06-20T09:25:16Z,51.4561430,-0.2336490,38.0,166
2020-06-20T09:25:23Z,51.4561860,-0.2333640,37.5,169
2020-06-20T09:25:25Z,51.4561950,-0.2332830,37.4,165
2020-06-20T09:25:27Z,51.4562070,-0.2332010,37.4,162
2020-06-20T09:25:35Z,51.4562380,-0.2328790,36.7,161
2020-06-20T09:25:39Z,51.4562590,-0.2327150,36.3,164
2020-06-20T09:25:46Z,51.4562970,-0.2324120,35.5,165
2020-06-20T09:25:53Z,51.4563250,-0.2321060,34.8,165
2020-06-20T09:25:55Z,51.4563230,-0.2320310,34.6,162
2020-06-20T09:25:56Z,51.4563260,-0.2319950,34.6,159
2020-06-20T09:26:01Z,51.4563400,-0.2318030,34.0,162
2020-06-20T09:26:04Z,51.4563470,-0.2316730,33.7,165
2020-06-20T09:26:06Z,51.4563520,-0.2315870,33.5,162
2020-06-20T09:26:09Z,51.4563720,-0.2314720,33.2,158
2020-06-20T09:26:17Z,51.4564010,-0.2311510,32.4,157
2020-06-20T09:26:24Z,51.4564270,-0.2308620,31.7,159
2020-06-20T09:26:32Z,51.4564530,-0.2305420,30.7,160
2020-06-20T09:26:35Z,51.4564540,-0.2304190,30.4,163
2020-06-20T09:26:42Z,51.4564650,-0.2301160,29.4,160
2020-06-20T09:26:50Z,51.4564580,-0.2297920,28.2,162
2020-06-20T09:26:54Z,51.4564500,-0.2296170,27.6,164
2020-06-20T09:27:02Z,51.4564310,-0.2292920,26.9,164
2020-06-20T09:27:09Z,51.4564230,-0.2289930,26.6,163
2020-06-20T09:27:18Z,51.4564000,-0.2286980,27.3,161
2020-06-20T09:27:21Z,51.4563840,-0.2286050,27.6,164
2020-06-20T09:27:24Z,51.4563660,-0.2285180,28.0,160
2020-06-20T09:27:31Z,51.4563180,-0.2283210,28.9,164
2020-06-20T09:27:32Z,51.4563110,-0.2282990,29.0,164
2020-06-20T09:27:42Z,51.4562450,-0.2280040,30.6,162
2020-06-20T09:27:45Z,51.4562290,-0.2279110,31.1,159
2020-06-20T09:27:54Z,51.4562120,-0.2276200,32.1,160
2020-06-20T09:28:03Z,51.4562240,-0.2273030,33.0,161
2020-06-20T09:28:06Z,51.4562310,-0.2271980,33.3,164
2020-06-20T09:28:14Z,51.4562430,-0.2269080,33.7,164
2020-06-20T09:28:19Z,51.4562400,-0.2267210,33.7,168
2020-06-20T09:28:20Z,51.4562380,-0.2266820,33.7,178
2020-06-20T09:28:21Z,51.4562330,-0.2266370,33.8,181
2020-06-20T09:28:29Z,51.4562220,-0.2263450,33.7,181
2020-06-20T09:28:32Z,51.4562250,-0.2262390,33.7,178
2020-06-20T09:28:41Z,51.4562320,-0.2259280,33.3,178
2020-06-20T09:28:47Z,51.4562210,-0.2257330,32.9,175
2020-06-20T09:28:54Z,51.4562300,-0.2254300,32.1,174
2020-06-20T09:29:01Z,51.4562220,-0.2251320,31.0,175
2020-06-20T09:29:08Z,51.4562170,-0.2248390,30.0,173
2020-06-20T09:29:15Z,51.4562140,-0.2245480,29.1,171
2020-06-20T09:29:23Z,51.4562060,-0.2242270,28.2,171
2020-06-20T09:29:25Z,51.4561990,-0.2241350,28.0,167
2020-06-20T09:29:32Z,51.4562050,-0.2238460,27.1,167
2020-06-20T09:29:34Z,51.4562000,-0.2237590,26.9,170
2020-06-20T09:29:40Z,51.4562020,-0.2235750,26.5,167
2020-06-20T09:29:49Z,51.4562060,-0.2232660,26.1,168
2020-06-20T09:29:57Z,51.4562070,-0.2229420,25.9,166
2020-06-20T09:30:07Z,51.4562170,-0.2226320,26.0,167
2020-06-20T09:30:13Z,51.4561770,-0.2223850,26.5,170
2020-06-20T09:30:20Z,51.4561390,-0.2221010,27.5,172
2020-06-20T09:30:24Z,51.4561330,-0.2219470,27.6,169
2020-06-20T09:30:33Z,51.4561050,-0.2216520,28.7,170
2020-06-20T09:30:37Z,51.4560850,-0.2214970,29.2,173
2020-06-20T09:30:46Z,51.4560480,-0.2211950,30.3,173
2020-06-20T09:30:54Z,51.4559970,-0.2209380,31.2,177
2020-06-20T09:31:03Z,51.4559460,-0.2206250,32.2,179
2020-06-20T09:31:11Z,51.4558960,-0.2203450,33.0,179
2020-06-20T09:31:20Z,51.4558490,-0.2200520,34.2,178
2020-06-20T09:31:28Z,51.4557980,-0.2197500,35.4,179
2020-06-20T09:31:39Z,51.4557140,-0.2195200,36.4,179
2020-06-20T09:31:45Z,51.4556580,-0.2195210,37.2,176
2020-06-20T09:31:46Z,51.4556510,-0.2195320,37.2,173
2020-06-20T09:31:49Z,51.4556470,-0.2195420,37.2,176
2020-06-20T09:32:00Z,51.4555600,-0.2194440,37.5,176
2020-06-20T09:32:06Z,51.4553930,-0.2194770,38.0,173
2020-06-20T09:32:08Z,51.4553440,-0.2194950,38.1,170
2020-06-20T09:32:12Z,51.4552500,-0.2195290,38.4,167
2020-06-20T09:32:17Z,51.4551440,-0.2195910,38.9,171
2020-06-20T09:32:19Z,51.4551110,-0.2195930,38.9,171
2020-06-20T09:32:28Z,51.4550510,-0.2192900,38.7,173
2020-06-20T09:32:33Z,51.4550210,-0.2190790,38.5,176
2020-06-20T09:32:40Z,51.4549660,-0.2187810,38.2,174
2020-06-20T09:32:42Z,51.4549420,-0.2186970,38.1,177
2020-06-20T09:32:46Z,51.4548970,-0.2185280,37.7,174
2020-06-20T09:32:51Z,51.4548330,-0.2183320,37.0,170
2020-06-20T09:32:58Z,51.4546920,-0.2181090,36.2,172
2020-06-20T09:33:02Z,51.4546160,-0.2179860,35.8,175
2020-06-20T09:33:10Z,51.4544870,-0.2177660,35.2,174
2020-06-20T09:33:13Z,51.4544560,-0.2177540,35.1,171
